{"cameraMode":{"drawMode":0,"name":"Shaded","section":"Shading Mode"},"sceneLighting":false,"audioPlay":false,"sceneViewState":{"m_AlwaysRefresh":false,"showFog":true,"showSkybox":false,"showFlares":true,"showImageEffects":true,"showParticleSystems":true,"showVisualEffectGraphs":true,"m_FxEnabled":true},"in2DMode":false,"pivot":{"x":0.33580756187438967,"y":-0.23497015237808228,"z":-0.26170098781585696},"rotation":{"x":-0.14839988946914674,"y":-0.4573543965816498,"z":0.07771237939596176,"w":-0.8733653426170349},"size":1.7320507764816285,"orthographic":false}